idx,text,label,len_chars,len_words
1276,"[ORGANIZATION] ВРИО генерального директора [ORGANIZATION] [PERSON] ПАО [ORGANIZATION] Начальнику управления наземного транспорта [PERSON]  [DATE_TIME] No [DOCUMENT_NUMBER] на No от Об уточнении информации по объемам Уважаемый [PERSON]! В 2021 году ПАО [ORGANIZATION], ОАО [ORGANIZATION], ООО [ORGANIZATION] и ООО [ORGANIZATION] на условиях достигнутых договоренностей заключили Соглашение о сотрудничестве в области обеспечения перспективных перевозок жидких углеводородов [OBJECT] и [OBJECT] железнодорожным транспортом. Условиями Соглашения определены базовые параметры для вывоза ЖУВ в объеме [FINANCIAL_DATA] в период [DATE_TIME] при условии выполнения ряда мероприятий, в том числе по расширению ж.д. линии [OBJECT] для увеличения ее пропускной способности и формирования прямых отправительских маршрутов. Письмом ПАО [ORGANIZATION] от [DATE_TIME] НК-[DOCUMENT_NUMBER] направлена уточненная информация по плановым объемам реализации и смещению графика начала отгрузки - на [DATE_TIME]. Однако, до настоящего времени со стороны ПАО [ORGANIZATION] по проекту расширения ж.д. линии [OBJECT] не утверждены, объемы и направления отгрузки КГС и СУГ не согласованы. В то же время отмечаем рост текущих ежемесячных объемов КГС по отправкам со станции [OBJECT] на сеть ОАО [ORGANIZATION]: с [FINANCIAL_DATA] в [DATE_TIME] до плановых [FINANCIAL_DATA] к концу [DATE_TIME]. Учитывая изложенное, просим Вас предоставить данные по плановым объемам СУГ и КГС на период [DATE_TIME] с учетом возможных сценариев реализации проекта по освоению [OBJECT] [OBJECT] [OBJECT] и [OBJECT]. Заместитель генерального директора по коммерческим вопросам Документ подписан электронной подписью Сертификат [ID] Владелец [PERSON] Действителен с [DATE_TIME] по [DATE_TIME] Исполнитель: [PERSON] Тел. [CONTACT] [ORGANIZATION], ООО Вх. No [DOCUMENT_NUMBER] от [DATE_TIME]","Блок исполнительного директора по реализации проекта ""Большое месторождение""",1842,228
1277,"[ORGANIZATION] ВРИО генерального директора [ORGANIZATION] [PERSON] ПАО [ORGANIZATION] Начальнику управления наземного транспорта [PERSON]  [DATE_TIME] No [DOCUMENT_NUMBER] на No от Об уточнении информации по объемам Уважаемый [PERSON]! В 2021 году ПАО [ORGANIZATION], ОАО [ORGANIZATION], ООО [ORGANIZATION] и ООО [ORGANIZATION] на условиях достигнутых договоренностей заключили Соглашение о сотрудничестве в области обеспечения перспективных перевозок жидких углеводородов [OBJECT] и [OBJECT] железнодорожным транспортом. Условиями Соглашения определены базовые параметры для вывоза ЖУВ в объеме [FINANCIAL_DATA] в период [DATE_TIME] при условии выполнения ряда мероприятий, в том числе по расширению ж.д. линии [OBJECT] для увеличения ее пропускной способности и формирования прямых отправительских маршрутов. Письмом ПАО [ORGANIZATION] от [DATE_TIME] НК-[DOCUMENT_NUMBER] направлена уточненная информация по плановым объемам реализации и смещению графика начала отгрузки - на [DATE_TIME]. Однако, до настоящего времени со стороны ПАО [ORGANIZATION] по проекту расширения ж.д. линии [OBJECT] не утверждены, объемы и направления отгрузки КГС и СУГ не согласованы. В то же время отмечаем рост текущих ежемесячных объемов КГС по отправкам со станции [OBJECT] на сеть ОАО [ORGANIZATION]: с [FINANCIAL_DATA] в [DATE_TIME] до плановых [FINANCIAL_DATA] к концу [DATE_TIME]. Учитывая изложенное, просим Вас предоставить данные по плановым объемам СУГ и КГС на период [DATE_TIME] с учетом возможных сценариев реализации проекта по освоению [OBJECT] [OBJECT] [OBJECT] и [OBJECT]. Заместитель генерального директора по коммерческим вопросам Документ подписан электронной подписью Сертификат [ID] Владелец [PERSON] Действителен с [DATE_TIME] по [DATE_TIME] Исполнитель: [PERSON] Тел. [CONTACT] [ORGANIZATION], ООО Вх. No [DOCUMENT_NUMBER] от [DATE_TIME]","Блок исполнительного директора по реализации проекта ""Большое месторождение""",1842,228
5673,"[ORGANIZATION] ОБЩЕСТВО С ОГРАНИЧЕННОЙ ОТВЕТСТВЕННОСТЬЮ ИНН: [ID] КПП: [ID] Телефон: [CONTACT], доб. [CONTACT] E-mail: [CONTACT] [LOCATION] ИНН [ID]; КПП [ID] ОГРН [DOCUMENT_NUMBER]; р/сч [FINANCIAL_DATA]; БИК [ID], [OBJECT] No[DOCUMENT_NUMBER] ПАО [ORGANIZATION] [LOCATION] No [FINANCIAL_DATA] от [DATE_TIME] [LOCATION] Руководителю проекта [OBJECT] [PERSON] О согласовании [DOCUMENT_NUMBER] Уважаемый [PERSON]! В ответ на ваше письмо No[DOCUMENT_NUMBER] от [DATE_TIME] подтверждаем согласие на заключение [DOCUMENT_NUMBER] к договору No[DOCUMENT_NUMBER] от [DATE_TIME] на выполнение комплекса работ по обустройству кустовых площадок, строительству линейных объектов (в т.ч. трубопроводов, линий электропередач), площадочных объектов [OBJECT], [OBJECT], [OBJECT], [OBJECT] месторождений. Приложение: 1. [DOCUMENT_NUMBER] с приложениями NoNo[DOCUMENT_NUMBER] на [FINANCIAL_DATA] листах Директор [ORGANIZATION] [PERSON] [PERSON] 7 [CONTACT]",Блок директора по строительству,939,101
5674,"[ORGANIZATION] ОБЩЕСТВО С ОГРАНИЧЕННОЙ ОТВЕТСТВЕННОСТЬЮ ИНН: [ID] КПП: [ID] Телефон: [CONTACT], доб. [CONTACT] E-mail: [CONTACT] [LOCATION] ИНН [ID]; КПП [ID] ОГРН [DOCUMENT_NUMBER]; р/сч [FINANCIAL_DATA]; БИК [ID], [OBJECT] No[DOCUMENT_NUMBER] ПАО [ORGANIZATION] [LOCATION] No [FINANCIAL_DATA] от [DATE_TIME] [LOCATION] Руководителю проекта [OBJECT] [PERSON] О согласовании [DOCUMENT_NUMBER] Уважаемый [PERSON]! В ответ на ваше письмо No[DOCUMENT_NUMBER] от [DATE_TIME] подтверждаем согласие на заключение [DOCUMENT_NUMBER] к договору No[DOCUMENT_NUMBER] от [DATE_TIME] на выполнение комплекса работ по обустройству кустовых площадок, строительству линейных объектов (в т.ч. трубопроводов, линий электропередач), площадочных объектов [OBJECT], [OBJECT], [OBJECT], [OBJECT] месторождений. Приложение: 1. [DOCUMENT_NUMBER] с приложениями NoNo[DOCUMENT_NUMBER] на [FINANCIAL_DATA] листах Директор [ORGANIZATION] [PERSON] [PERSON] 7 [CONTACT]",Блок директора по строительству,939,101
1215,"[ORGANIZATION] ПРИКАЗ [DATE_TIME] No [DOCUMENT_NUMBER] Об утверждении Положений по непрофильным активам и порядке отчуждения непрофильных активов В целях приведения локальных нормативных актов Группы [ORGANIZATION] по вопросам управления непрофильными активами в соответствии с нормативными актами [ORGANIZATION] ПРИКАЗЫВАЮ: 1. Утвердить Положение о Комиссии по непрофильным активам [ORGANIZATION] и организаций Группы компаний [ORGANIZATION] в новой редакции (Приложение 1). 2. Утвердить Положение о порядке отчуждения непрофильных активов [ORGANIZATION] и организаций Группы компаний [ORGANIZATION] в новой редакции (Приложение 2). 3. Утвердить состав Комиссии по непрофильным активам [ORGANIZATION] в новом составе (Приложение 3). 4. Признать утратившими силу приказы [ORGANIZATION] от [DATE_TIME] No [DOCUMENT_NUMBER] и от [DATE_TIME] No [DOCUMENT_NUMBER]. 5. Распространить действие настоящего Приказа на организации Группы компаний [ORGANIZATION], в которых Компания имеет право прямо или косвенно распоряжаться более 50 голосов (Приложение 4). 6. Контроль исполнения приказа возложить на заместителя Председателя Правления [PERSON] Председатель Правления [PERSON] Приложение 1 к приказу [ORGANIZATION] от [DATE_TIME] No [DOCUMENT_NUMBER] ПОЛОЖЕНИЕ О КОМИССИИ [ORGANIZATION] И ОРГАНИЗАЦИЙ ГРУППЫ КОМПАНИЙ [ORGANIZATION] ПО НЕПРОФИЛЬНЫМ АКТИВАМ 1. Общие положения Настоящее Положение определяет цели, задачи, организацию деятельности Комиссии [ORGANIZATION] по непрофильным активам (далее – Комиссия), права и обязанности Председателя, Секретаря и членов Комиссии, а также порядок представления отчетов о ходе ее работы. Требования настоящего Положения обязательны для применения при отчуждении непрофильных активов [ORGANIZATION] и организаций Группы компаний [ORGANIZATION]. Дочерние общества и организации [ORGANIZATION] обеспечивают утверждение локальных нормативных актов (положений), регламентирующих в соответствии с настоящим Положением порядок работы комиссий по непрофильным активам в дочерних обществах, а также в объектах вложений дочерних обществ, являющихся организациями Группы компаний [ORGANIZATION]. Представители интересов [ORGANIZATION] и дочерних обществ [ORGANIZATION] в органах управления организаций Группы компаний [ORGANIZATION] обеспечивают на основе настоящего Положения утверждение локальных нормативных актов (положений), регламентирующих порядок работы комиссий по непрофильным активам в таких организациях Группы компаний [ORGANIZATION]. 2. Основные цели и задачи Комиссии 2.1. Комиссия создается в целях обеспечения реализации Стратегии по управлению имуществом и иными активами [ORGANIZATION], Программы отчуждения непрофильных активов [ORGANIZATION], утверждаемой [ORGANIZATION], и Положения о комиссии [ORGANIZATION] по непрофильным активам. Комиссия в своей деятельности руководствуется законодательством Российской Федерации, решениями органов управления [ORGANIZATION] и [ORGANIZATION], иными внутренними документами, в том числе Положением о порядке отчуждения непрофильных активов [ORGANIZATION] и организаций Группы Газпром, Положением о комиссии [ORGANIZATION] по непрофильным активам, Положением о порядке отчуждения непрофильных активов [ORGANIZATION] и организаций Группы компаний [ORGANIZATION] и настоящим Положением. 2.2. Основной задачей Комиссии является принятие решений об отнесении активов, принадлежащих [ORGANIZATION] и организациям Группы компаний [ORGANIZATION], к категории непрофильных, а также определение порядка их реализации. В отношении активов, принадлежащих [ORGANIZATION] и организациям Группы компаний [ORGANIZATION], в случае, если их балансовая (остаточная) стоимость по данным бухгалтерского учета, или рыночная стоимость, или кадастровая стоимость (для земельных участков)1 составляет 100 (сто) и более миллионов рублей с учетом НДС решения принимает Комиссия [ORGANIZATION] по непрофильным активам. В отношении активов, принадлежащих [ORGANIZATION], а также организациям Группы компаний [ORGANIZATION] в случае, если их балансовая (остаточная) стоимость по данным бухгалтерского учета, или рыночная стоимость, или кадастровая стоимость (для земельных участков)1 составляет от 30 до 100 миллионов рублей с учетом НДС, решения принимаются Комиссией [ORGANIZATION]. В отношении активов, принадлежащих организациям Группы компаний [ORGANIZATION], в случае, если их балансовая (остаточная) стоимость по данным бухгалтерского учета, или рыночная стоимость, или кадастровая стоимость (для земельных участков)1 составляет менее 30 миллионов рублей с учетом НДС, решения принимаются Комиссией организации Группы компаний [ORGANIZATION]. 2.3. Для выполнения возложенной на нее задачи, Комиссия определяет критерии отнесения активов к категории непрофильных, а также принимает следующие решения: об отнесении активов к категории непрофильных; о признании непрофильных активов подлежащими/не подлежащими отчуждению; о целесообразности применения тех или иных способов отчуждения непрофильных активов; об определении условий отчуждения непрофильных активов2; о необходимости проведения предпродажной подготовки непрофильных активов, в том числе оценки их рыночной стоимости. 3. Организация деятельности Комиссии 3.1. Персональный состав Комиссии утверждается приказом [ORGANIZATION]. 3.2. Вопросы об отнесении активов к категории непрофильных вносятся на рассмотрение Комиссии по инициативе органов управления [ORGANIZATION], заместителей Председателя Правления и руководителей подразделений прямого подчинения Председателю Правления [ORGANIZATION], структурных подразделений [ORGANIZATION]. 3.3. Организация Группы компаний [ORGANIZATION] перед представлением материалов на рассмотрение Комиссии согласовывает обоснование целесообразности отчуждения актива, а также предполагаемого способа его отчуждения со структурными подразделениями [ORGANIZATION], ответственными за осуществление контроля за обеспечением эффективности долгосрочных финансовых вложений [ORGANIZATION] в соответствующие дочерние общества [ORGANIZATION], которым подконтрольна эта организация Группы компаний [ORGANIZATION] (далее - ответственное подразделение [ORGANIZATION]). Представление материалов на рассмотрение Комиссии осуществляется дочерними обществами [ORGANIZATION], в том числе в отношении подконтрольных организаций Группы компаний [ORGANIZATION], являющихся их объектами вложений, либо ответственным подразделением [ORGANIZATION]. 3.4 Комиссия по вопросам, входящим в ее компетенцию, имеет право: запрашивать у структурных подразделений [ORGANIZATION] и организаций Группы компаний [ORGANIZATION] необходимые для ее деятельности документы, материалы и информацию; устанавливать для структурных подразделений [ORGANIZATION] и организаций Группы компаний [ORGANIZATION] сроки и форму представления 1 В отношении объектов имущества, имеющих одни и те же идентификационные признаки (место нахождения, назначение и другие признаки), а также отчуждаемых в пользу одного приобретателя либо входящих в единый имущественный комплекс, рассчитывается суммарная балансовая (остаточная) или рыночная или кадастровая стоимость имущества (для земельных участков). 2 Во избежание дублирования норм и правил работы Комиссии и Инвестиционных комитетов Компании, вопросы о целесообразности отчуждения непрофильных активов могут быть приняты к рассмотрению Комиссией только после их рассмотрения на соответствующем Инвестиционном Комитете запрашиваемых документов, материалов и информации. 3.5. Заседания Комиссии проводятся по мере необходимости. Заседание Комиссии является правомочным при участии в нем не менее половины от общего числа ее членов. При очной форме проведения заседания Комиссии решения принимаются открытым голосованием простым большинством голосов членов Комиссии, присутствующих на заседании. При заочной форме проведения заседания Комиссии голосование осуществляется посредством бюллетеней, которые направляются ее членам в соответствии с настоящим Положением. Бюллетени для голосования должны содержать указание на дату представления заполненного бюллетеня. В случае равенства голосов решающим является голос Председателя Комиссии, а в его отсутствие заместителя Председателя Комиссии. 3.6. Повестка заседания Комиссии, письмо о созыве заседания с указанием формы, даты, времени и места его проведения, подписанные Председателем Комиссии (в его отсутствие заместителем Председателя Комиссии), информационные материалы и бюллетени для голосования (при проведении заседания в заочной форме) направляются членам Комиссии за 5 календарных дней до даты проведения заседания Комиссии. В исключительных случаях при необходимости принятия оперативных решений указанный срок может быть сокращен по решению Председателя Комиссии (в его отсутствие заместителя Председателя Комиссии). 3.7. Итоги голосования членов Комиссии оформляются протоколом в течение 3 календарных дней с даты проведения заседания. Протокол подписывается Председателем Комиссии (в его отсутствие заместителем Председателя Комиссии) и Секретарем Комиссии. При принятии Комиссией решений заочным голосованием протокол заседания оформляется в течение 3 календарных дней с даты, установленной для представления заполненных бюллетеней. К протоколу прилагаются подписанные членами Комиссии бюллетени для голосования. Бюллетень члена Комиссии, не представленный Секретарю Комиссии в установленный для голосования срок, либо заполненный ненадлежащим образом, при подведении итогов голосования не учитывается. Члены Комиссии, голосовавшие против принятого решения, а также воздержавшиеся вправе в письменной форме изложить свое особое мнение, которое приобщается к протоколу заседания Комиссии. Протокол заседания Комиссии должен содержать информацию о членах Комиссии, проголосовавших по вопросам повестки заседания, результатах голосования, а также о принятых на заседании решениях. 3.8. Решение Комиссии (выписки из протокола заседания Комиссии) направляются для исполнения в соответствующее структурное подразделение или дочернее общество [ORGANIZATION] в течение 3 рабочих дней с даты оформления соответствующего протокола Комиссии. 4. Права и обязанности Председателя, Секретаря и членов Комиссии 4.1. Председателем Комиссии назначается руководитель структурного подразделения [ORGANIZATION], одной из основных задач которого является обеспечение управления непрофильными активами [ORGANIZATION] и организаций Группы компаний [ORGANIZATION] (далее Департамент по правовым, корпоративным и имущественным вопросам). В отсутствие Председателя Комиссии обязанности Председателя исполняет его заместитель. Председатель Комиссии: организует работу Комиссии и выполнение возложенных на нее задач; созывает, проводит заседания Комиссии и председательствует на них; обеспечивает коллегиальное обсуждение рассматриваемых вопросов; при необходимости дает поручения членам Комиссии;",Имущественные вопросы,10783,1243
1303,"[ORGANIZATION] ПРИКАЗ [DATE_TIME] No [DOCUMENT_NUMBER] Об утверждении Положений по непрофильным активам и порядке отчуждения непрофильных активов В целях приведения локальных нормативных актов Группы [ORGANIZATION] по вопросам управления непрофильными активами в соответствии с нормативными актами [ORGANIZATION] ПРИКАЗЫВАЮ: 1. Утвердить Положение о Комиссии по непрофильным активам [ORGANIZATION] и организаций Группы компаний [ORGANIZATION] в новой редакции (Приложение 1). 2. Утвердить Положение о порядке отчуждения непрофильных активов [ORGANIZATION] и организаций Группы компаний [ORGANIZATION] в новой редакции (Приложение 2). 3. Утвердить состав Комиссии по непрофильным активам [ORGANIZATION] в новом составе (Приложение 3). 4. Признать утратившими силу приказы [ORGANIZATION] от [DATE_TIME] No [DOCUMENT_NUMBER] и от [DATE_TIME] No [DOCUMENT_NUMBER]. 5. Распространить действие настоящего Приказа на организации Группы компаний [ORGANIZATION], в которых Компания имеет право прямо или косвенно распоряжаться более 50 голосов (Приложение 4). 6. Контроль исполнения приказа возложить на заместителя Председателя Правления [PERSON] Председатель Правления [PERSON] Приложение 1 к приказу [ORGANIZATION] от [DATE_TIME] No [DOCUMENT_NUMBER] ПОЛОЖЕНИЕ О КОМИССИИ [ORGANIZATION] И ОРГАНИЗАЦИЙ ГРУППЫ КОМПАНИЙ [ORGANIZATION] ПО НЕПРОФИЛЬНЫМ АКТИВАМ 1. Общие положения Настоящее Положение определяет цели, задачи, организацию деятельности Комиссии [ORGANIZATION] по непрофильным активам (далее – Комиссия), права и обязанности Председателя, Секретаря и членов Комиссии, а также порядок представления отчетов о ходе ее работы. Требования настоящего Положения обязательны для применения при отчуждении непрофильных активов [ORGANIZATION] и организаций Группы компаний [ORGANIZATION]. Дочерние общества и организации [ORGANIZATION] обеспечивают утверждение локальных нормативных актов (положений), регламентирующих в соответствии с настоящим Положением порядок работы комиссий по непрофильным активам в дочерних обществах, а также в объектах вложений дочерних обществ, являющихся организациями Группы компаний [ORGANIZATION]. Представители интересов [ORGANIZATION] и дочерних обществ [ORGANIZATION] в органах управления организаций Группы компаний [ORGANIZATION] обеспечивают на основе настоящего Положения утверждение локальных нормативных актов (положений), регламентирующих порядок работы комиссий по непрофильным активам в таких организациях Группы компаний [ORGANIZATION]. 2. Основные цели и задачи Комиссии 2.1. Комиссия создается в целях обеспечения реализации Стратегии по управлению имуществом и иными активами [ORGANIZATION], Программы отчуждения непрофильных активов [ORGANIZATION], утверждаемой [ORGANIZATION], и Положения о комиссии [ORGANIZATION] по непрофильным активам. Комиссия в своей деятельности руководствуется законодательством Российской Федерации, решениями органов управления [ORGANIZATION] и [ORGANIZATION], иными внутренними документами, в том числе Положением о порядке отчуждения непрофильных активов [ORGANIZATION] и организаций Группы Газпром, Положением о комиссии [ORGANIZATION] по непрофильным активам, Положением о порядке отчуждения непрофильных активов [ORGANIZATION] и организаций Группы компаний [ORGANIZATION] и настоящим Положением. 2.2. Основной задачей Комиссии является принятие решений об отнесении активов, принадлежащих [ORGANIZATION] и организациям Группы компаний [ORGANIZATION], к категории непрофильных, а также определение порядка их реализации. В отношении активов, принадлежащих [ORGANIZATION] и организациям Группы компаний [ORGANIZATION], в случае, если их балансовая (остаточная) стоимость по данным бухгалтерского учета, или рыночная стоимость, или кадастровая стоимость (для земельных участков)1 составляет 100 (сто) и более миллионов рублей с учетом НДС решения принимает Комиссия [ORGANIZATION] по непрофильным активам. В отношении активов, принадлежащих [ORGANIZATION], а также организациям Группы компаний [ORGANIZATION] в случае, если их балансовая (остаточная) стоимость по данным бухгалтерского учета, или рыночная стоимость, или кадастровая стоимость (для земельных участков)1 составляет от 30 до 100 миллионов рублей с учетом НДС, решения принимаются Комиссией [ORGANIZATION]. В отношении активов, принадлежащих организациям Группы компаний [ORGANIZATION], в случае, если их балансовая (остаточная) стоимость по данным бухгалтерского учета, или рыночная стоимость, или кадастровая стоимость (для земельных участков)1 составляет менее 30 миллионов рублей с учетом НДС, решения принимаются Комиссией организации Группы компаний [ORGANIZATION]. 2.3. Для выполнения возложенной на нее задачи, Комиссия определяет критерии отнесения активов к категории непрофильных, а также принимает следующие решения: об отнесении активов к категории непрофильных; о признании непрофильных активов подлежащими/не подлежащими отчуждению; о целесообразности применения тех или иных способов отчуждения непрофильных активов; об определении условий отчуждения непрофильных активов2; о необходимости проведения предпродажной подготовки непрофильных активов, в том числе оценки их рыночной стоимости. 3. Организация деятельности Комиссии 3.1. Персональный состав Комиссии утверждается приказом [ORGANIZATION]. 3.2. Вопросы об отнесении активов к категории непрофильных вносятся на рассмотрение Комиссии по инициативе органов управления [ORGANIZATION], заместителей Председателя Правления и руководителей подразделений прямого подчинения Председателю Правления [ORGANIZATION], структурных подразделений [ORGANIZATION]. 3.3. Организация Группы компаний [ORGANIZATION] перед представлением материалов на рассмотрение Комиссии согласовывает обоснование целесообразности отчуждения актива, а также предполагаемого способа его отчуждения со структурными подразделениями [ORGANIZATION], ответственными за осуществление контроля за обеспечением эффективности долгосрочных финансовых вложений [ORGANIZATION] в соответствующие дочерние общества [ORGANIZATION], которым подконтрольна эта организация Группы компаний [ORGANIZATION] (далее - ответственное подразделение [ORGANIZATION]). Представление материалов на рассмотрение Комиссии осуществляется дочерними обществами [ORGANIZATION], в том числе в отношении подконтрольных организаций Группы компаний [ORGANIZATION], являющихся их объектами вложений, либо ответственным подразделением [ORGANIZATION]. 3.4 Комиссия по вопросам, входящим в ее компетенцию, имеет право: запрашивать у структурных подразделений [ORGANIZATION] и организаций Группы компаний [ORGANIZATION] необходимые для ее деятельности документы, материалы и информацию; устанавливать для структурных подразделений [ORGANIZATION] и организаций Группы компаний [ORGANIZATION] сроки и форму представления 1 В отношении объектов имущества, имеющих одни и те же идентификационные признаки (место нахождения, назначение и другие признаки), а также отчуждаемых в пользу одного приобретателя либо входящих в единый имущественный комплекс, рассчитывается суммарная балансовая (остаточная) или рыночная или кадастровая стоимость имущества (для земельных участков). 2 Во избежание дублирования норм и правил работы Комиссии и Инвестиционных комитетов Компании, вопросы о целесообразности отчуждения непрофильных активов могут быть приняты к рассмотрению Комиссией только после их рассмотрения на соответствующем Инвестиционном Комитете запрашиваемых документов, материалов и информации. 3.5. Заседания Комиссии проводятся по мере необходимости. Заседание Комиссии является правомочным при участии в нем не менее половины от общего числа ее членов. При очной форме проведения заседания Комиссии решения принимаются открытым голосованием простым большинством голосов членов Комиссии, присутствующих на заседании. При заочной форме проведения заседания Комиссии голосование осуществляется посредством бюллетеней, которые направляются ее членам в соответствии с настоящим Положением. Бюллетени для голосования должны содержать указание на дату представления заполненного бюллетеня. В случае равенства голосов решающим является голос Председателя Комиссии, а в его отсутствие заместителя Председателя Комиссии. 3.6. Повестка заседания Комиссии, письмо о созыве заседания с указанием формы, даты, времени и места его проведения, подписанные Председателем Комиссии (в его отсутствие заместителем Председателя Комиссии), информационные материалы и бюллетени для голосования (при проведении заседания в заочной форме) направляются членам Комиссии за 5 календарных дней до даты проведения заседания Комиссии. В исключительных случаях при необходимости принятия оперативных решений указанный срок может быть сокращен по решению Председателя Комиссии (в его отсутствие заместителя Председателя Комиссии). 3.7. Итоги голосования членов Комиссии оформляются протоколом в течение 3 календарных дней с даты проведения заседания. Протокол подписывается Председателем Комиссии (в его отсутствие заместителем Председателя Комиссии) и Секретарем Комиссии. При принятии Комиссией решений заочным голосованием протокол заседания оформляется в течение 3 календарных дней с даты, установленной для представления заполненных бюллетеней. К протоколу прилагаются подписанные членами Комиссии бюллетени для голосования. Бюллетень члена Комиссии, не представленный Секретарю Комиссии в установленный для голосования срок, либо заполненный ненадлежащим образом, при подведении итогов голосования не учитывается. Члены Комиссии, голосовавшие против принятого решения, а также воздержавшиеся вправе в письменной форме изложить свое особое мнение, которое приобщается к протоколу заседания Комиссии. Протокол заседания Комиссии должен содержать информацию о членах Комиссии, проголосовавших по вопросам повестки заседания, результатах голосования, а также о принятых на заседании решениях. 3.8. Решение Комиссии (выписки из протокола заседания Комиссии) направляются для исполнения в соответствующее структурное подразделение или дочернее общество [ORGANIZATION] в течение 3 рабочих дней с даты оформления соответствующего протокола Комиссии. 4. Права и обязанности Председателя, Секретаря и членов Комиссии 4.1. Председателем Комиссии назначается руководитель структурного подразделения [ORGANIZATION], одной из основных задач которого является обеспечение управления непрофильными активами [ORGANIZATION] и организаций Группы компаний [ORGANIZATION] (далее Департамент по правовым, корпоративным и имущественным вопросам). В отсутствие Председателя Комиссии обязанности Председателя исполняет его заместитель. Председатель Комиссии: организует работу Комиссии и выполнение возложенных на нее задач; созывает, проводит заседания Комиссии и председательствует на них; обеспечивает коллегиальное обсуждение рассматриваемых вопросов; при необходимости дает поручения членам Комиссии;",Блок финансового директора,10783,1243
5733,"[ORGANIZATION] Юридический адрес: [LOCATION] Почтовый адрес: [LOCATION] тел., факс: [CONTACT] приемная тел.: [CONTACT] бухгалтерия тел.: [CONTACT] ПТО тел.: [CONTACT] e-mail to: [CONTACT] ОГРН [ID] ОКТМО [ID] ОКВЭД [ID] ИНН [ID] КПП [ID] БИК [ID] р/с [FINANCIAL_DATA] к/с [FINANCIAL_DATA] [ORGANIZATION] ПАО [ORGANIZATION] [DATE_TIME] Руководителю проекта [ORGANIZATION] [PERSON] Уважаемый [PERSON]! В ответ на Ваше письмо No [DOCUMENT_NUMBER] от [DATE_TIME] О согласовании цен МТР Подрядчика прошу Вас, предоставить контактные данные поставщика, который готов поставить материалы - поз. 1.1 по ценам указанным в ведомости МТР [DOCUMENT_NUMBER]. Начальник ОС [ORGANIZATION] [PERSON] Тел: [CONTACT] [PERSON]",Блок директора по строительству,706,89
5734,"[ORGANIZATION] Юридический адрес: [LOCATION] Почтовый адрес: [LOCATION] тел., факс: [CONTACT] приемная тел.: [CONTACT] бухгалтерия тел.: [CONTACT] ПТО тел.: [CONTACT] e-mail to: [CONTACT] ОГРН [ID] ОКТМО [ID] ОКВЭД [ID] ИНН [ID] КПП [ID] БИК [ID] р/с [FINANCIAL_DATA] к/с [FINANCIAL_DATA] [ORGANIZATION] ПАО [ORGANIZATION] [DATE_TIME] Руководителю проекта [ORGANIZATION] [PERSON] Уважаемый [PERSON]! В ответ на Ваше письмо No [DOCUMENT_NUMBER] от [DATE_TIME] О согласовании цен МТР Подрядчика прошу Вас, предоставить контактные данные поставщика, который готов поставить материалы - поз. 1.1 по ценам указанным в ведомости МТР [DOCUMENT_NUMBER]. Начальник ОС [ORGANIZATION] [PERSON] Тел: [CONTACT] [PERSON]",Блок директора по строительству,706,89
4385,"МИНИСТЕРСТВО ПРИРОДНЫХ РЕСУРСОВ И ЭКОЛОГИИ РОССИЙСКОЙ ФЕДЕРАЦИИ ФЕДЕРАЛЬНОЕ АГЕНТСТВО ПО НЕДРОПОЛЬЗОВАНИЮ ФЕДЕРАЛЬНОЕ ГОСУДАРСТВЕННОЕ КАЗЕННОЕ УЧРЕЖДЕНИЕ РОСГЕОЛЭКСПЕРТИЗА (ФГКУ РОСГЕОЛЭКСПЕРТИЗА) [LOCATION] [DATE_TIME] No [DOCUMENT_NUMBER] на [DOCUMENT_NUMBER] (Код заявки в ЛКН) от [DATE_TIME] [PERSON] по доверенности [ORGANIZATION] [PERSON] [CONTACT] Уведомление о возврате заявочных материалов [ORGANIZATION] на проведение экспертизы проекта геологического изучения недр (вх. от [DATE_TIME] No [DOCUMENT_NUMBER]) Уважаемый [PERSON]! В соответствии с абз. 2 п. 21 Правил проведения экспертизы проектной документации на осуществление регионального геологического изучения недр, геологического изучения недр, включая поиски и оценку месторождений полезных ископаемых, разведку месторождений полезных ископаемых, утвержденных постановлением Правительства Российской Федерации от [DATE_TIME] No 674 (далее – Правила) ФГКУ Росгеолэкспертиза в адрес [ORGANIZATION] было направлено уведомление от [DATE_TIME] No[DOCUMENT_NUMBER] о необходимости устранения нарушений, допущенных при представлении заявки и прилагаемых к ней документов для проведения экспертизы проектной документации на геологическое изучение недр Проектная документация на осуществление геологического изучения недр, включающего поиски и оценку месторождения песка на участке недр [OBJECT] в [LOCATION] по лицензии на пользование недрами [ID] в связи с нарушением пп. б п. 12 Правил. Вместе с тем [ORGANIZATION] не устранило нарушения, указанные в уведомлении о доработке заявочной документации. На основании вышеизложенного, в соответствии с абз. 5 п. 21 Правил ФГКУ Росгеолэкспертиза уведомляет [ORGANIZATION] о возврате проектной документации Проектная документация на осуществление геологического изучения недр, включающего поиски и оценку месторождения песка на участке недр [OBJECT] в [LOCATION] без проведения экспертизы. При этом в связи с возвратом заявителю проектной документации на геологическое изучение недр по основанию, предусмотренному п. 21 Правил, плата за ее проведение подлежит возврату лицу, внесшему плату, либо учитывается при повторной подаче заявки. Заместитель начальника [OBJECT] ФГКУ Росгеолэкспертиза [PERSON] ДОКУМЕНТ ПОДПИСАН ЭЛЕКТРОННОЙ ПОДПИСЬЮ Сертификат [ID] Владелец [PERSON] Действителен с [DATE_TIME] по [DATE_TIME] [PERSON] Исп. [PERSON] Тел.: [CONTACT] E-mail: [CONTACT]",Блок директора по проектированию,2375,282
4386,"МИНИСТЕРСТВО ПРИРОДНЫХ РЕСУРСОВ И ЭКОЛОГИИ РОССИЙСКОЙ ФЕДЕРАЦИИ ФЕДЕРАЛЬНОЕ АГЕНТСТВО ПО НЕДРОПОЛЬЗОВАНИЮ ФЕДЕРАЛЬНОЕ ГОСУДАРСТВЕННОЕ КАЗЕННОЕ УЧРЕЖДЕНИЕ РОСГЕОЛЭКСПЕРТИЗА (ФГКУ РОСГЕОЛЭКСПЕРТИЗА) [LOCATION] [DATE_TIME] No [DOCUMENT_NUMBER] на [DOCUMENT_NUMBER] (Код заявки в ЛКН) от [DATE_TIME] [PERSON] по доверенности [ORGANIZATION] [PERSON] [CONTACT] Уведомление о возврате заявочных материалов [ORGANIZATION] на проведение экспертизы проекта геологического изучения недр (вх. от [DATE_TIME] No [DOCUMENT_NUMBER]) Уважаемый [PERSON]! В соответствии с абз. 2 п. 21 Правил проведения экспертизы проектной документации на осуществление регионального геологического изучения недр, геологического изучения недр, включая поиски и оценку месторождений полезных ископаемых, разведку месторождений полезных ископаемых, утвержденных постановлением Правительства Российской Федерации от [DATE_TIME] No 674 (далее – Правила) ФГКУ Росгеолэкспертиза в адрес [ORGANIZATION] было направлено уведомление от [DATE_TIME] No[DOCUMENT_NUMBER] о необходимости устранения нарушений, допущенных при представлении заявки и прилагаемых к ней документов для проведения экспертизы проектной документации на геологическое изучение недр Проектная документация на осуществление геологического изучения недр, включающего поиски и оценку месторождения песка на участке недр [OBJECT] в [LOCATION] по лицензии на пользование недрами [ID] в связи с нарушением пп. б п. 12 Правил. Вместе с тем [ORGANIZATION] не устранило нарушения, указанные в уведомлении о доработке заявочной документации. На основании вышеизложенного, в соответствии с абз. 5 п. 21 Правил ФГКУ Росгеолэкспертиза уведомляет [ORGANIZATION] о возврате проектной документации Проектная документация на осуществление геологического изучения недр, включающего поиски и оценку месторождения песка на участке недр [OBJECT] в [LOCATION] без проведения экспертизы. При этом в связи с возвратом заявителю проектной документации на геологическое изучение недр по основанию, предусмотренному п. 21 Правил, плата за ее проведение подлежит возврату лицу, внесшему плату, либо учитывается при повторной подаче заявки. Заместитель начальника [OBJECT] ФГКУ Росгеолэкспертиза [PERSON] ДОКУМЕНТ ПОДПИСАН ЭЛЕКТРОННОЙ ПОДПИСЬЮ Сертификат [ID] Владелец [PERSON] Действителен с [DATE_TIME] по [DATE_TIME] [PERSON] Исп. [PERSON] Тел.: [CONTACT] E-mail: [CONTACT]",Блок директора по проектированию,2375,282
